timeStamp,elapsed,label,responseCode,responseMessage,threadName,dataType,success,failureMessage,bytes,sentBytes,grpThreads,allThreads,URL,Latency,IdleTime,Connect
1631284438481,450,HTTP Request,200,OK,MyfirstTest 1-1,text,true,,16269,130,1,1,http://testonweb.com/aboutUs.aspx,382,0,73
1631284438940,75,HTTP Request,200,OK,MyfirstTest 1-1,text,true,,16269,130,2,2,http://testonweb.com/aboutUs.aspx,74,0,0
1631284438977,298,HTTP Request,200,OK,MyfirstTest 1-2,text,true,,16269,130,1,1,http://testonweb.com/aboutUs.aspx,228,0,74
1631284439277,203,HTTP Request,200,OK,MyfirstTest 1-2,text,true,,16269,130,1,1,http://testonweb.com/aboutUs.aspx,142,0,0
1631284439497,694,HTTP Request,200,OK,MyfirstTest 1-3,text,true,,16269,130,2,2,http://testonweb.com/aboutUs.aspx,371,0,113
1631284440192,263,HTTP Request,200,OK,MyfirstTest 1-3,text,true,,16269,130,2,2,http://testonweb.com/aboutUs.aspx,261,0,0
1631284439968,642,HTTP Request,200,OK,MyfirstTest 1-4,text,true,,16269,130,2,2,http://testonweb.com/aboutUs.aspx,570,0,225
1631284440610,73,HTTP Request,200,OK,MyfirstTest 1-4,text,true,,16269,130,2,2,http://testonweb.com/aboutUs.aspx,72,0,0
1631284440478,299,HTTP Request,200,OK,MyfirstTest 1-5,text,true,,16269,130,1,1,http://testonweb.com/aboutUs.aspx,219,0,72
1631284440777,70,HTTP Request,200,OK,MyfirstTest 1-5,text,true,,16269,130,1,1,http://testonweb.com/aboutUs.aspx,70,0,0
1631284440966,280,HTTP Request,200,OK,MyfirstTest 1-6,text,true,,16269,130,1,1,http://testonweb.com/aboutUs.aspx,212,0,71
1631284441247,139,HTTP Request,200,OK,MyfirstTest 1-6,text,true,,16269,130,1,1,http://testonweb.com/aboutUs.aspx,105,0,0
1631284441468,293,HTTP Request,200,OK,MyfirstTest 1-7,text,true,,16269,130,1,1,http://testonweb.com/aboutUs.aspx,225,0,80
1631284441761,82,HTTP Request,200,OK,MyfirstTest 1-7,text,true,,16269,130,1,1,http://testonweb.com/aboutUs.aspx,82,0,0
1631284441965,302,HTTP Request,200,OK,MyfirstTest 1-8,text,true,,16269,130,1,1,http://testonweb.com/aboutUs.aspx,218,0,70
1631284442267,71,HTTP Request,200,OK,MyfirstTest 1-8,text,true,,16269,130,1,1,http://testonweb.com/aboutUs.aspx,70,0,0
1631284442467,283,HTTP Request,200,OK,MyfirstTest 1-9,text,true,,16269,130,1,1,http://testonweb.com/aboutUs.aspx,216,0,74
1631284442750,75,HTTP Request,200,OK,MyfirstTest 1-9,text,true,,16269,130,1,1,http://testonweb.com/aboutUs.aspx,75,0,0
1631284442963,281,HTTP Request,200,OK,MyfirstTest 1-10,text,true,,16269,130,1,1,http://testonweb.com/aboutUs.aspx,213,0,71
1631284443245,72,HTTP Request,200,OK,MyfirstTest 1-10,text,true,,16269,130,1,1,http://testonweb.com/aboutUs.aspx,72,0,0
1631284443463,298,HTTP Request,200,OK,MyfirstTest 1-11,text,true,,16269,130,1,1,http://testonweb.com/aboutUs.aspx,222,0,73
1631284443762,73,HTTP Request,200,OK,MyfirstTest 1-11,text,true,,16269,130,1,1,http://testonweb.com/aboutUs.aspx,73,0,0
1631284443964,286,HTTP Request,200,OK,MyfirstTest 1-12,text,true,,16269,130,1,1,http://testonweb.com/aboutUs.aspx,215,0,68
1631284444250,75,HTTP Request,200,OK,MyfirstTest 1-12,text,true,,16269,130,1,1,http://testonweb.com/aboutUs.aspx,74,0,0
1631284444466,288,HTTP Request,200,OK,MyfirstTest 1-13,text,true,,16269,130,1,1,http://testonweb.com/aboutUs.aspx,220,0,75
1631284444755,77,HTTP Request,200,OK,MyfirstTest 1-13,text,true,,16269,130,1,1,http://testonweb.com/aboutUs.aspx,77,0,0
1631284444965,287,HTTP Request,200,OK,MyfirstTest 1-14,text,true,,16269,130,1,1,http://testonweb.com/aboutUs.aspx,219,0,78
1631284445252,71,HTTP Request,200,OK,MyfirstTest 1-14,text,true,,16269,130,1,1,http://testonweb.com/aboutUs.aspx,71,0,0
1631284445465,467,HTTP Request,200,OK,MyfirstTest 1-15,text,true,,16269,130,1,1,http://testonweb.com/aboutUs.aspx,265,0,72
1631284445932,90,HTTP Request,200,OK,MyfirstTest 1-15,text,true,,16269,130,2,2,http://testonweb.com/aboutUs.aspx,90,0,0
1631284445962,282,HTTP Request,200,OK,MyfirstTest 1-16,text,true,,16269,130,1,1,http://testonweb.com/aboutUs.aspx,212,0,70
1631284446245,72,HTTP Request,200,OK,MyfirstTest 1-16,text,true,,16269,130,1,1,http://testonweb.com/aboutUs.aspx,72,0,0
1631284446462,285,HTTP Request,200,OK,MyfirstTest 1-17,text,true,,16269,130,1,1,http://testonweb.com/aboutUs.aspx,215,0,72
1631284446748,71,HTTP Request,200,OK,MyfirstTest 1-17,text,true,,16269,130,1,1,http://testonweb.com/aboutUs.aspx,71,0,0
1631284446959,281,HTTP Request,200,OK,MyfirstTest 1-18,text,true,,16269,130,1,1,http://testonweb.com/aboutUs.aspx,209,0,69
1631284447241,74,HTTP Request,200,OK,MyfirstTest 1-18,text,true,,16269,130,1,1,http://testonweb.com/aboutUs.aspx,74,0,0
1631284447464,293,HTTP Request,200,OK,MyfirstTest 1-19,text,true,,16269,130,1,1,http://testonweb.com/aboutUs.aspx,221,0,77
1631284447757,76,HTTP Request,200,OK,MyfirstTest 1-19,text,true,,16269,130,1,1,http://testonweb.com/aboutUs.aspx,75,0,0
1631284447961,282,HTTP Request,200,OK,MyfirstTest 1-20,text,true,,16269,130,1,1,http://testonweb.com/aboutUs.aspx,215,0,75
1631284448243,74,HTTP Request,200,OK,MyfirstTest 1-20,text,true,,16269,130,1,1,http://testonweb.com/aboutUs.aspx,74,0,0
